_initial_assets,vars,id,creation_time,failed,failed_reason,time_of_death,type,origin_id,network_id,complete,node_id,participant_id,module_state_id,trial_maker_id,definition,finalized,is_repeat_trial,score,performance_reward,parent_trial_id,answer,propagate_failure,response_id,repeat_trial_index,n_repeat_trials,time_taken,time_credit_before_trial,time_credit_after_trial,time_credit_from_trial,progress_before_trial,progress_after_trial,async_post_trial_required,async_post_trial_requested,async_post_trial_complete,async_post_trial_failed,class,object_type,adaptivetest_participant_current_ability_estimate_before_trial,adaptivetest_participant_current_standard_error_estimate_before_trial,item,correct,merged_file,duration_target,duration_silence,duration_probe,clicked_object,click_coordinates
,"{""adaptivetest_participant_current_ability_estimate_before_trial"": NaN, ""adaptivetest_participant_current_standard_error_estimate_before_trial"": NaN}",11,2025-11-24 16:25:56,False,,,CustomTaskTrial,23,23,True,23,1,,,"{""item"": {""py/object"": ""adaptivetesting.models.__test_item.TestItem"", ""id"": ""103"", ""a"": 43.07178122732465, ""b"": 0.0119335203113762, ""c"": 0.121192453225549, ""d"": 1.0}, ""correct"": ""diff"", ""id"": {""py/object"": ""numpy.int64"", ""dtype"": ""int64"", ""value"": 103}, ""merged_file"": ""static/stimuli_merged/Task_0103_merged.wav"", ""duration_target"": {""py/object"": ""numpy.float64"", ""dtype"": ""float64"", ""value"": 4.04}, ""duration_silence"": {""py/object"": ""numpy.float64"", ""dtype"": ""float64"", ""value"": 5.0}, ""duration_probe"": {""py/object"": ""numpy.float64"", ""dtype"": ""float64"", ""value"": 4.081}}",True,False,1.0,0.0,,"{""clicked_object"": ""diff"", ""click_coordinates"": [48.311444652908065, 33.771106941838646]}",False,32,,,15.082,183.99999999999991,198.99999999999991,15.0,0.2506811989100817,0.27111716621253407,False,False,False,False,CustomTaskTrial,Info,,,"{""py/object"": ""adaptivetesting.models.__test_item.TestItem"", ""id"": ""103"", ""a"": 43.07178122732465, ""b"": 0.0119335203113762, ""c"": 0.121192453225549, ""d"": 1.0}",diff,static/stimuli_merged/Task_0103_merged.wav,4.04,5.0,4.081,diff,"[48.311444652908065, 33.771106941838646]"
,"{""adaptivetest_participant_current_ability_estimate_before_trial"": 0.14158657478783332, ""adaptivetest_participant_current_standard_error_estimate_before_trial"": 0.375982095207493}",12,2025-11-24 16:26:12,False,,,CustomTaskTrial,23,23,True,23,1,,,"{""item"": {""py/object"": ""adaptivetesting.models.__test_item.TestItem"", ""id"": ""14"", ""a"": 63.1913450651681, ""b"": 0.096910261538958, ""c"": 4.085796285339703e-06, ""d"": 1.0}, ""correct"": ""diff"", ""id"": {""py/object"": ""numpy.int64"", ""dtype"": ""int64"", ""value"": 14}, ""merged_file"": ""static/stimuli_merged/Task_0014_merged.wav"", ""duration_target"": {""py/object"": ""numpy.float64"", ""dtype"": ""float64"", ""value"": 3.106}, ""duration_silence"": {""py/object"": ""numpy.float64"", ""dtype"": ""float64"", ""value"": 5.0}, ""duration_probe"": {""py/object"": ""numpy.float64"", ""dtype"": ""float64"", ""value"": 3.117}}",True,False,1.0,0.0,,"{""clicked_object"": ""diff"", ""click_coordinates"": [48.311444652908065, 33.771106941838646]}",False,35,,,12.365,198.99999999999991,213.99999999999991,15.0,0.27111716621253407,0.2915531335149864,False,False,False,False,CustomTaskTrial,Info,0.14158657478783332,0.375982095207493,"{""py/object"": ""adaptivetesting.models.__test_item.TestItem"", ""id"": ""14"", ""a"": 63.1913450651681, ""b"": 0.096910261538958, ""c"": 4.085796285339703e-06, ""d"": 1.0}",diff,static/stimuli_merged/Task_0014_merged.wav,3.106,5.0,3.117,diff,"[48.311444652908065, 33.771106941838646]"
,"{""adaptivetest_participant_current_ability_estimate_before_trial"": 0.19026163991242595, ""adaptivetest_participant_current_standard_error_estimate_before_trial"": 0.2812638678480337}",13,2025-11-24 16:26:25,False,,,CustomTaskTrial,23,23,True,23,1,,,"{""item"": {""py/object"": ""adaptivetesting.models.__test_item.TestItem"", ""id"": ""104"", ""a"": 40.90665104771173, ""b"": 0.2209276572277287, ""c"": 0.2961761179546285, ""d"": 1.0}, ""correct"": ""diff"", ""id"": {""py/object"": ""numpy.int64"", ""dtype"": ""int64"", ""value"": 104}, ""merged_file"": ""static/stimuli_merged/Task_0104_merged.wav"", ""duration_target"": {""py/object"": ""numpy.float64"", ""dtype"": ""float64"", ""value"": 4.58}, ""duration_silence"": {""py/object"": ""numpy.float64"", ""dtype"": ""float64"", ""value"": 5.0}, ""duration_probe"": {""py/object"": ""numpy.float64"", ""dtype"": ""float64"", ""value"": 4.598}}",True,False,0.0,0.0,,"{""clicked_object"": ""same"", ""click_coordinates"": [51.688555347091935, 26.26641651031895]}",False,38,,,15.861,213.99999999999991,228.99999999999991,15.0,0.2915531335149864,0.31198910081743875,False,False,False,False,CustomTaskTrial,Info,0.19026163991242595,0.2812638678480337,"{""py/object"": ""adaptivetesting.models.__test_item.TestItem"", ""id"": ""104"", ""a"": 40.90665104771173, ""b"": 0.2209276572277287, ""c"": 0.2961761179546285, ""d"": 1.0}",diff,static/stimuli_merged/Task_0104_merged.wav,4.58,5.0,4.598,same,"[51.688555347091935, 26.26641651031895]"
,"{""adaptivetest_participant_current_ability_estimate_before_trial"": 0.14977022336982795, ""adaptivetest_participant_current_standard_error_estimate_before_trial"": 0.08270980782493441}",14,2025-11-24 16:26:41,False,,,CustomTaskTrial,23,23,True,23,1,,,"{""item"": {""py/object"": ""adaptivetesting.models.__test_item.TestItem"", ""id"": ""55"", ""a"": -31.59663921840403, ""b"": 0.0993786327540232, ""c"": 3.273396320598813e-05, ""d"": 1.0}, ""correct"": ""same"", ""id"": {""py/object"": ""numpy.int64"", ""dtype"": ""int64"", ""value"": 55}, ""merged_file"": ""static/stimuli_merged/Task_0055_merged.wav"", ""duration_target"": {""py/object"": ""numpy.float64"", ""dtype"": ""float64"", ""value"": 2.902}, ""duration_silence"": {""py/object"": ""numpy.float64"", ""dtype"": ""float64"", ""value"": 5.0}, ""duration_probe"": {""py/object"": ""numpy.float64"", ""dtype"": ""float64"", ""value"": 2.902}}",True,False,1.0,0.0,,"{""clicked_object"": ""same"", ""click_coordinates"": [49.43714821763602, 24.577861163227016]}",False,41,,,11.942,228.99999999999991,243.99999999999991,15.0,0.31198910081743875,0.3324250681198911,False,False,False,False,CustomTaskTrial,Info,0.14977022336982795,0.08270980782493441,"{""py/object"": ""adaptivetesting.models.__test_item.TestItem"", ""id"": ""55"", ""a"": -31.59663921840403, ""b"": 0.0993786327540232, ""c"": 3.273396320598813e-05, ""d"": 1.0}",same,static/stimuli_merged/Task_0055_merged.wav,2.902,5.0,2.902,same,"[49.43714821763602, 24.577861163227016]"
,"{""adaptivetest_participant_current_ability_estimate_before_trial"": 0.11071628037303237, ""adaptivetest_participant_current_standard_error_estimate_before_trial"": 0.030210136995259658}",15,2025-11-24 16:26:54,False,,,CustomTaskTrial,23,23,True,23,1,,,"{""item"": {""py/object"": ""adaptivetesting.models.__test_item.TestItem"", ""id"": ""94"", ""a"": 69.30431729752526, ""b"": 0.1034920405476884, ""c"": 0.3335627485363931, ""d"": 1.0}, ""correct"": ""diff"", ""id"": {""py/object"": ""numpy.int64"", ""dtype"": ""int64"", ""value"": 94}, ""merged_file"": ""static/stimuli_merged/Task_0094_merged.wav"", ""duration_target"": {""py/object"": ""numpy.float64"", ""dtype"": ""float64"", ""value"": 3.93}, ""duration_silence"": {""py/object"": ""numpy.float64"", ""dtype"": ""float64"", ""value"": 5.0}, ""duration_probe"": {""py/object"": ""numpy.float64"", ""dtype"": ""float64"", ""value"": 3.913}}",True,False,1.0,0.0,,"{""clicked_object"": ""diff"", ""click_coordinates"": [52.814258911819884, 39.9624765478424]}",False,44,,,14.578,243.99999999999991,258.9999999999999,14.999999999999972,0.3324250681198911,0.3528610354223434,False,False,False,False,CustomTaskTrial,Info,0.11071628037303237,0.030210136995259658,"{""py/object"": ""adaptivetesting.models.__test_item.TestItem"", ""id"": ""94"", ""a"": 69.30431729752526, ""b"": 0.1034920405476884, ""c"": 0.3335627485363931, ""d"": 1.0}",diff,static/stimuli_merged/Task_0094_merged.wav,3.93,5.0,3.913,diff,"[52.814258911819884, 39.9624765478424]"
,"{""adaptivetest_participant_current_ability_estimate_before_trial"": 0.12062003374972503, ""adaptivetest_participant_current_standard_error_estimate_before_trial"": 0.027147305671965244}",16,2025-11-24 16:27:09,False,,,CustomTaskTrial,23,23,True,23,1,,,"{""item"": {""py/object"": ""adaptivetesting.models.__test_item.TestItem"", ""id"": ""105"", ""a"": 61.22991880143776, ""b"": 0.0924624413680333, ""c"": 0.4074851352853475, ""d"": 1.0}, ""correct"": ""diff"", ""id"": {""py/object"": ""numpy.int64"", ""dtype"": ""int64"", ""value"": 105}, ""merged_file"": ""static/stimuli_merged/Task_0105_merged.wav"", ""duration_target"": {""py/object"": ""numpy.float64"", ""dtype"": ""float64"", ""value"": 4.824}, ""duration_silence"": {""py/object"": ""numpy.float64"", ""dtype"": ""float64"", ""value"": 5.0}, ""duration_probe"": {""py/object"": ""numpy.float64"", ""dtype"": ""float64"", ""value"": 4.952}}",True,False,1.0,0.0,,"{""clicked_object"": ""diff"", ""click_coordinates"": [46.99812382739212, 39.39962476547842]}",False,47,,,16.023,258.9999999999999,273.9999999999999,15.0,0.3528610354223434,0.37329700272479577,False,False,False,False,CustomTaskTrial,Info,0.12062003374972503,0.027147305671965244,"{""py/object"": ""adaptivetesting.models.__test_item.TestItem"", ""id"": ""105"", ""a"": 61.22991880143776, ""b"": 0.0924624413680333, ""c"": 0.4074851352853475, ""d"": 1.0}",diff,static/stimuli_merged/Task_0105_merged.wav,4.824,5.0,4.952,diff,"[46.99812382739212, 39.39962476547842]"
,"{""adaptivetest_participant_current_ability_estimate_before_trial"": 0.12405587549352806, ""adaptivetest_participant_current_standard_error_estimate_before_trial"": 0.0263450826971554}",17,2025-11-24 16:27:26,False,,,CustomTaskTrial,23,23,True,23,1,,,"{""item"": {""py/object"": ""adaptivetesting.models.__test_item.TestItem"", ""id"": ""124"", ""a"": 4.370647584635639, ""b"": -0.1421602235491621, ""c"": 0.1369727425475631, ""d"": 1.0}, ""correct"": ""diff"", ""id"": {""py/object"": ""numpy.int64"", ""dtype"": ""int64"", ""value"": 124}, ""merged_file"": ""static/stimuli_merged/Task_0124_merged.wav"", ""duration_target"": {""py/object"": ""numpy.float64"", ""dtype"": ""float64"", ""value"": 5.19}, ""duration_silence"": {""py/object"": ""numpy.float64"", ""dtype"": ""float64"", ""value"": 5.0}, ""duration_probe"": {""py/object"": ""numpy.float64"", ""dtype"": ""float64"", ""value"": 5.172}}",True,False,1.0,0.0,,"{""clicked_object"": ""diff"", ""click_coordinates"": [50.187617260787995, 38.46153846153846]}",False,50,,,16.369,273.9999999999999,288.9999999999999,15.0,0.37329700272479577,0.3937329700272481,False,False,False,False,CustomTaskTrial,Info,0.12405587549352806,0.0263450826971554,"{""py/object"": ""adaptivetesting.models.__test_item.TestItem"", ""id"": ""124"", ""a"": 4.370647584635639, ""b"": -0.1421602235491621, ""c"": 0.1369727425475631, ""d"": 1.0}",diff,static/stimuli_merged/Task_0124_merged.wav,5.19,5.0,5.172,diff,"[50.187617260787995, 38.46153846153846]"
,"{""adaptivetest_participant_current_ability_estimate_before_trial"": 0.12466918092217093, ""adaptivetest_participant_current_standard_error_estimate_before_trial"": 0.02661782491418291}",18,2025-11-24 16:27:43,False,,,CustomTaskTrial,23,23,True,23,1,,,"{""item"": {""py/object"": ""adaptivetesting.models.__test_item.TestItem"", ""id"": ""83"", ""a"": 3.456101327948925, ""b"": 0.1191597531647424, ""c"": 0.23159336488519, ""d"": 1.0}, ""correct"": ""diff"", ""id"": {""py/object"": ""numpy.int64"", ""dtype"": ""int64"", ""value"": 83}, ""merged_file"": ""static/stimuli_merged/Task_0083_merged.wav"", ""duration_target"": {""py/object"": ""numpy.float64"", ""dtype"": ""float64"", ""value"": 3.541}, ""duration_silence"": {""py/object"": ""numpy.float64"", ""dtype"": ""float64"", ""value"": 5.0}, ""duration_probe"": {""py/object"": ""numpy.float64"", ""dtype"": ""float64"", ""value"": 3.518}}",True,False,1.0,0.0,,"{""clicked_object"": ""diff"", ""click_coordinates"": [50.187617260787995, 38.46153846153846]}",False,53,,,12.857,288.9999999999999,303.9999999999999,15.0,0.3937329700272481,0.41416893732970045,False,False,False,False,CustomTaskTrial,Info,0.12466918092217093,0.02661782491418291,"{""py/object"": ""adaptivetesting.models.__test_item.TestItem"", ""id"": ""83"", ""a"": 3.456101327948925, ""b"": 0.1191597531647424, ""c"": 0.23159336488519, ""d"": 1.0}",diff,static/stimuli_merged/Task_0083_merged.wav,3.541,5.0,3.518,diff,"[50.187617260787995, 38.46153846153846]"
,"{""adaptivetest_participant_current_ability_estimate_before_trial"": 0.1254528567983215, ""adaptivetest_participant_current_standard_error_estimate_before_trial"": 0.026993785024065624}",19,2025-11-24 16:27:56,False,,,CustomTaskTrial,23,23,True,23,1,,,"{""item"": {""py/object"": ""adaptivetesting.models.__test_item.TestItem"", ""id"": ""101"", ""a"": 2.350039619431694, ""b"": -0.077639919153763, ""c"": 7.315294583417337e-06, ""d"": 1.0}, ""correct"": ""diff"", ""id"": {""py/object"": ""numpy.int64"", ""dtype"": ""int64"", ""value"": 101}, ""merged_file"": ""static/stimuli_merged/Task_0101_merged.wav"", ""duration_target"": {""py/object"": ""numpy.float64"", ""dtype"": ""float64"", ""value"": 4.098}, ""duration_silence"": {""py/object"": ""numpy.float64"", ""dtype"": ""float64"", ""value"": 5.0}, ""duration_probe"": {""py/object"": ""numpy.float64"", ""dtype"": ""float64"", ""value"": 4.087}}",True,False,1.0,0.0,,"{""clicked_object"": ""diff"", ""click_coordinates"": [50.187617260787995, 38.46153846153846]}",False,56,,,13.919,303.9999999999999,318.9999999999999,15.0,0.41416893732970045,0.4346049046321528,False,False,False,False,CustomTaskTrial,Info,0.1254528567983215,0.026993785024065624,"{""py/object"": ""adaptivetesting.models.__test_item.TestItem"", ""id"": ""101"", ""a"": 2.350039619431694, ""b"": -0.077639919153763, ""c"": 7.315294583417337e-06, ""d"": 1.0}",diff,static/stimuli_merged/Task_0101_merged.wav,4.098,5.0,4.087,diff,"[50.187617260787995, 38.46153846153846]"
,"{""adaptivetest_participant_current_ability_estimate_before_trial"": 0.12612394559142717, ""adaptivetest_participant_current_standard_error_estimate_before_trial"": 0.027328554834419493}",20,2025-11-24 16:28:11,False,,,CustomTaskTrial,23,23,True,23,1,,,"{""item"": {""py/object"": ""adaptivetesting.models.__test_item.TestItem"", ""id"": ""121"", ""a"": 2.622967783401737, ""b"": -0.0234129159064647, ""c"": 0.1611190920427145, ""d"": 1.0}, ""correct"": ""diff"", ""id"": {""py/object"": ""numpy.int64"", ""dtype"": ""int64"", ""value"": 121}, ""merged_file"": ""static/stimuli_merged/Task_0121_merged.wav"", ""duration_target"": {""py/object"": ""numpy.float64"", ""dtype"": ""float64"", ""value"": 5.393}, ""duration_silence"": {""py/object"": ""numpy.float64"", ""dtype"": ""float64"", ""value"": 5.0}, ""duration_probe"": {""py/object"": ""numpy.float64"", ""dtype"": ""float64"", ""value"": 5.375}}",True,False,1.0,0.0,,"{""clicked_object"": ""diff"", ""click_coordinates"": [50.187617260787995, 38.46153846153846]}",False,59,,,17.01,318.9999999999999,333.9999999999999,15.0,0.4346049046321528,0.45504087193460513,False,False,False,False,CustomTaskTrial,Info,0.12612394559142717,0.027328554834419493,"{""py/object"": ""adaptivetesting.models.__test_item.TestItem"", ""id"": ""121"", ""a"": 2.622967783401737, ""b"": -0.0234129159064647, ""c"": 0.1611190920427145, ""d"": 1.0}",diff,static/stimuli_merged/Task_0121_merged.wav,5.393,5.0,5.375,diff,"[50.187617260787995, 38.46153846153846]"
,"{""adaptivetest_participant_current_ability_estimate_before_trial"": 0.12673331827128076, ""adaptivetest_participant_current_standard_error_estimate_before_trial"": 0.02763979094081398}",21,2025-11-24 16:28:29,False,,,CustomTaskTrial,23,23,True,23,1,,,"{""item"": {""py/object"": ""adaptivetesting.models.__test_item.TestItem"", ""id"": ""122"", ""a"": 2.939868862215038, ""b"": -0.0063817062506741, ""c"": 0.2995549861168891, ""d"": 1.0}, ""correct"": ""diff"", ""id"": {""py/object"": ""numpy.int64"", ""dtype"": ""int64"", ""value"": 122}, ""merged_file"": ""static/stimuli_merged/Task_0122_merged.wav"", ""duration_target"": {""py/object"": ""numpy.float64"", ""dtype"": ""float64"", ""value"": 5.074}, ""duration_silence"": {""py/object"": ""numpy.float64"", ""dtype"": ""float64"", ""value"": 5.0}, ""duration_probe"": {""py/object"": ""numpy.float64"", ""dtype"": ""float64"", ""value"": 5.074}}",True,False,1.0,0.0,,"{""clicked_object"": ""diff"", ""click_coordinates"": [50.187617260787995, 38.46153846153846]}",False,62,,,15.862,333.9999999999999,348.9999999999999,15.0,0.45504087193460513,0.47547683923705747,False,False,False,False,CustomTaskTrial,Info,0.12673331827128076,0.02763979094081398,"{""py/object"": ""adaptivetesting.models.__test_item.TestItem"", ""id"": ""122"", ""a"": 2.939868862215038, ""b"": -0.0063817062506741, ""c"": 0.2995549861168891, ""d"": 1.0}",diff,static/stimuli_merged/Task_0122_merged.wav,5.074,5.0,5.074,diff,"[50.187617260787995, 38.46153846153846]"
,"{""adaptivetest_participant_current_ability_estimate_before_trial"": 0.12727067061320524, ""adaptivetest_participant_current_standard_error_estimate_before_trial"": 0.02791928732311909}",22,2025-11-24 16:28:45,False,,,CustomTaskTrial,23,23,True,23,1,,,"{""item"": {""py/object"": ""adaptivetesting.models.__test_item.TestItem"", ""id"": ""2"", ""a"": 3.576886179324148, ""b"": -0.5509534905080764, ""c"": 1.17724736761969e-05, ""d"": 1.0}, ""correct"": ""diff"", ""id"": {""py/object"": ""numpy.int64"", ""dtype"": ""int64"", ""value"": 2}, ""merged_file"": ""static/stimuli_merged/Task_0002_merged.wav"", ""duration_target"": {""py/object"": ""numpy.float64"", ""dtype"": ""float64"", ""value"": 3.013}, ""duration_silence"": {""py/object"": ""numpy.float64"", ""dtype"": ""float64"", ""value"": 5.0}, ""duration_probe"": {""py/object"": ""numpy.float64"", ""dtype"": ""float64"", ""value"": 3.071}}",True,False,1.0,0.0,,"{""clicked_object"": ""diff"", ""click_coordinates"": [50.187617260787995, 38.46153846153846]}",False,65,,,11.776,348.9999999999999,363.9999999999999,15.0,0.47547683923705747,0.4959128065395098,False,False,False,False,CustomTaskTrial,Info,0.12727067061320524,0.02791928732311909,"{""py/object"": ""adaptivetesting.models.__test_item.TestItem"", ""id"": ""2"", ""a"": 3.576886179324148, ""b"": -0.5509534905080764, ""c"": 1.17724736761969e-05, ""d"": 1.0}",diff,static/stimuli_merged/Task_0002_merged.wav,3.013,5.0,3.071,diff,"[50.187617260787995, 38.46153846153846]"
,"{""adaptivetest_participant_current_ability_estimate_before_trial"": 0.12749885058195712, ""adaptivetest_participant_current_standard_error_estimate_before_trial"": 0.028034857284618526}",23,2025-11-24 16:28:58,False,,,CustomTaskTrial,23,23,True,23,1,,,"{""item"": {""py/object"": ""adaptivetesting.models.__test_item.TestItem"", ""id"": ""86"", ""a"": 1.94323739530487, ""b"": -0.135646678709172, ""c"": 6.291121275836871e-06, ""d"": 1.0}, ""correct"": ""diff"", ""id"": {""py/object"": ""numpy.int64"", ""dtype"": ""int64"", ""value"": 86}, ""merged_file"": ""static/stimuli_merged/Task_0086_merged.wav"", ""duration_target"": {""py/object"": ""numpy.float64"", ""dtype"": ""float64"", ""value"": 3.535}, ""duration_silence"": {""py/object"": ""numpy.float64"", ""dtype"": ""float64"", ""value"": 5.0}, ""duration_probe"": {""py/object"": ""numpy.float64"", ""dtype"": ""float64"", ""value"": 3.535}}",True,False,1.0,0.0,,"{""clicked_object"": ""diff"", ""click_coordinates"": [50.187617260787995, 38.46153846153846]}",False,68,,,12.785,363.9999999999999,378.9999999999999,15.0,0.4959128065395098,0.5163487738419621,False,False,False,False,CustomTaskTrial,Info,0.12749885058195712,0.028034857284618526,"{""py/object"": ""adaptivetesting.models.__test_item.TestItem"", ""id"": ""86"", ""a"": 1.94323739530487, ""b"": -0.135646678709172, ""c"": 6.291121275836871e-06, ""d"": 1.0}",diff,static/stimuli_merged/Task_0086_merged.wav,3.535,5.0,3.535,diff,"[50.187617260787995, 38.46153846153846]"
,"{""adaptivetest_participant_current_ability_estimate_before_trial"": 0.12808036558179625, ""adaptivetest_participant_current_standard_error_estimate_before_trial"": 0.0283510762706291}",24,2025-11-24 16:29:11,False,,,CustomTaskTrial,23,23,True,23,1,,,"{""item"": {""py/object"": ""adaptivetesting.models.__test_item.TestItem"", ""id"": ""30"", ""a"": 3.294774187952683, ""b"": -0.5794417180009684, ""c"": 1.697471857363802e-05, ""d"": 1.0}, ""correct"": ""diff"", ""id"": {""py/object"": ""numpy.int64"", ""dtype"": ""int64"", ""value"": 30}, ""merged_file"": ""static/stimuli_merged/Task_0030_merged.wav"", ""duration_target"": {""py/object"": ""numpy.float64"", ""dtype"": ""float64"", ""value"": 3.007}, ""duration_silence"": {""py/object"": ""numpy.float64"", ""dtype"": ""float64"", ""value"": 5.0}, ""duration_probe"": {""py/object"": ""numpy.float64"", ""dtype"": ""float64"", ""value"": 3.053}}",True,False,1.0,0.0,,"{""clicked_object"": ""diff"", ""click_coordinates"": [50.187617260787995, 38.46153846153846]}",False,71,,,11.873999999999999,378.9999999999999,393.9999999999999,15.0,0.5163487738419621,0.5367847411444144,False,False,False,False,CustomTaskTrial,Info,0.12808036558179625,0.0283510762706291,"{""py/object"": ""adaptivetesting.models.__test_item.TestItem"", ""id"": ""30"", ""a"": 3.294774187952683, ""b"": -0.5794417180009684, ""c"": 1.697471857363802e-05, ""d"": 1.0}",diff,static/stimuli_merged/Task_0030_merged.wav,3.007,5.0,3.053,diff,"[50.187617260787995, 38.46153846153846]"
,"{""adaptivetest_participant_current_ability_estimate_before_trial"": 0.1283162282380271, ""adaptivetest_participant_current_standard_error_estimate_before_trial"": 0.028475344007812323}",25,2025-11-24 16:29:24,False,,,CustomTaskTrial,23,23,True,23,1,,,"{""item"": {""py/object"": ""adaptivetesting.models.__test_item.TestItem"", ""id"": ""131"", ""a"": 1.869568754733148, ""b"": -0.2234764302323057, ""c"": 9.874635706578596e-06, ""d"": 1.0}, ""correct"": ""diff"", ""id"": {""py/object"": ""numpy.int64"", ""dtype"": ""int64"", ""value"": 131}, ""merged_file"": ""static/stimuli_merged/Task_0131_merged.wav"", ""duration_target"": {""py/object"": ""numpy.float64"", ""dtype"": ""float64"", ""value"": 5.532}, ""duration_silence"": {""py/object"": ""numpy.float64"", ""dtype"": ""float64"", ""value"": 5.0}, ""duration_probe"": {""py/object"": ""numpy.float64"", ""dtype"": ""float64"", ""value"": 5.462}}",True,False,1.0,0.0,,"{""clicked_object"": ""diff"", ""click_coordinates"": [50.187617260787995, 38.46153846153846]}",False,74,,,17.028,393.9999999999999,408.9999999999999,15.0,0.5367847411444144,0.5572207084468668,False,False,False,False,CustomTaskTrial,Info,0.1283162282380271,0.028475344007812323,"{""py/object"": ""adaptivetesting.models.__test_item.TestItem"", ""id"": ""131"", ""a"": 1.869568754733148, ""b"": -0.2234764302323057, ""c"": 9.874635706578596e-06, ""d"": 1.0}",diff,static/stimuli_merged/Task_0131_merged.wav,5.532,5.0,5.462,diff,"[50.187617260787995, 38.46153846153846]"
,"{""adaptivetest_participant_current_ability_estimate_before_trial"": 0.1288389669310723, ""adaptivetest_participant_current_standard_error_estimate_before_trial"": 0.0287679847369361}",26,2025-11-24 16:29:42,False,,,CustomTaskTrial,23,23,True,23,1,,,"{""item"": {""py/object"": ""adaptivetesting.models.__test_item.TestItem"", ""id"": ""68"", ""a"": 1.675284993088629, ""b"": 0.100523215137866, ""c"": 1.271959316999551e-05, ""d"": 1.0}, ""correct"": ""diff"", ""id"": {""py/object"": ""numpy.int64"", ""dtype"": ""int64"", ""value"": 68}, ""merged_file"": ""static/stimuli_merged/Task_0068_merged.wav"", ""duration_target"": {""py/object"": ""numpy.float64"", ""dtype"": ""float64"", ""value"": 3.367}, ""duration_silence"": {""py/object"": ""numpy.float64"", ""dtype"": ""float64"", ""value"": 5.0}, ""duration_probe"": {""py/object"": ""numpy.float64"", ""dtype"": ""float64"", ""value"": 3.326}}",True,False,1.0,0.0,,"{""clicked_object"": ""diff"", ""click_coordinates"": [50.187617260787995, 38.46153846153846]}",False,77,,,13.796999999999999,408.9999999999999,423.9999999999999,15.0,0.5572207084468668,0.5776566757493191,False,False,False,False,CustomTaskTrial,Info,0.1288389669310723,0.0287679847369361,"{""py/object"": ""adaptivetesting.models.__test_item.TestItem"", ""id"": ""68"", ""a"": 1.675284993088629, ""b"": 0.100523215137866, ""c"": 1.271959316999551e-05, ""d"": 1.0}",diff,static/stimuli_merged/Task_0068_merged.wav,3.367,5.0,3.326,diff,"[50.187617260787995, 38.46153846153846]"
,"{""adaptivetest_participant_current_ability_estimate_before_trial"": 0.12952452614524393, ""adaptivetest_participant_current_standard_error_estimate_before_trial"": 0.029164278241925055}",27,2025-11-24 16:29:56,False,,,CustomTaskTrial,23,23,True,23,1,,,"{""item"": {""py/object"": ""adaptivetesting.models.__test_item.TestItem"", ""id"": ""143"", ""a"": 4.587873824747355, ""b"": -0.6213946786793313, ""c"": 3.989841804156932e-06, ""d"": 1.0}, ""correct"": ""diff"", ""id"": {""py/object"": ""numpy.int64"", ""dtype"": ""int64"", ""value"": 143}, ""merged_file"": ""static/stimuli_merged/Task_0143_merged.wav"", ""duration_target"": {""py/object"": ""numpy.float64"", ""dtype"": ""float64"", ""value"": 6.159}, ""duration_silence"": {""py/object"": ""numpy.float64"", ""dtype"": ""float64"", ""value"": 5.0}, ""duration_probe"": {""py/object"": ""numpy.float64"", ""dtype"": ""float64"", ""value"": 6.159}}",True,False,1.0,0.0,,"{""clicked_object"": ""diff"", ""click_coordinates"": [50.187617260787995, 38.46153846153846]}",False,80,,,18.726000000000003,423.9999999999999,438.9999999999999,15.0,0.5776566757493191,0.5980926430517715,False,False,False,False,CustomTaskTrial,Info,0.12952452614524393,0.029164278241925055,"{""py/object"": ""adaptivetesting.models.__test_item.TestItem"", ""id"": ""143"", ""a"": 4.587873824747355, ""b"": -0.6213946786793313, ""c"": 3.989841804156932e-06, ""d"": 1.0}",diff,static/stimuli_merged/Task_0143_merged.wav,6.159,5.0,6.159,diff,"[50.187617260787995, 38.46153846153846]"
,"{""adaptivetest_participant_current_ability_estimate_before_trial"": 0.1296448710632744, ""adaptivetest_participant_current_standard_error_estimate_before_trial"": 0.029228526073899832}",28,2025-11-24 16:30:16,False,,,CustomTaskTrial,23,23,True,23,1,,,"{""item"": {""py/object"": ""adaptivetesting.models.__test_item.TestItem"", ""id"": ""88"", ""a"": 2.707161358427914, ""b"": -0.7285204322423774, ""c"": 5.45944731071764e-06, ""d"": 1.0}, ""correct"": ""diff"", ""id"": {""py/object"": ""numpy.int64"", ""dtype"": ""int64"", ""value"": 88}, ""merged_file"": ""static/stimuli_merged/Task_0088_merged.wav"", ""duration_target"": {""py/object"": ""numpy.float64"", ""dtype"": ""float64"", ""value"": 3.535}, ""duration_silence"": {""py/object"": ""numpy.float64"", ""dtype"": ""float64"", ""value"": 5.0}, ""duration_probe"": {""py/object"": ""numpy.float64"", ""dtype"": ""float64"", ""value"": 3.489}}",True,False,1.0,0.0,,"{""clicked_object"": ""diff"", ""click_coordinates"": [50.187617260787995, 38.46153846153846]}",False,83,,,12.854000000000001,438.9999999999999,453.9999999999999,15.0,0.5980926430517715,0.6185286103542238,False,False,False,False,CustomTaskTrial,Info,0.1296448710632744,0.029228526073899832,"{""py/object"": ""adaptivetesting.models.__test_item.TestItem"", ""id"": ""88"", ""a"": 2.707161358427914, ""b"": -0.7285204322423774, ""c"": 5.45944731071764e-06, ""d"": 1.0}",diff,static/stimuli_merged/Task_0088_merged.wav,3.535,5.0,3.489,diff,"[50.187617260787995, 38.46153846153846]"
,"{""adaptivetest_participant_current_ability_estimate_before_trial"": 0.12985111076970943, ""adaptivetest_participant_current_standard_error_estimate_before_trial"": 0.029345259008666028}",29,2025-11-24 16:30:29,False,,,CustomTaskTrial,23,23,True,23,1,,,"{""item"": {""py/object"": ""adaptivetesting.models.__test_item.TestItem"", ""id"": ""106"", ""a"": 2.306868660852717, ""b"": 0.2123259975161307, ""c"": 0.3850957703164964, ""d"": 1.0}, ""correct"": ""diff"", ""id"": {""py/object"": ""numpy.int64"", ""dtype"": ""int64"", ""value"": 106}, ""merged_file"": ""static/stimuli_merged/Task_0106_merged.wav"", ""duration_target"": {""py/object"": ""numpy.float64"", ""dtype"": ""float64"", ""value"": 4.51}, ""duration_silence"": {""py/object"": ""numpy.float64"", ""dtype"": ""float64"", ""value"": 5.0}, ""duration_probe"": {""py/object"": ""numpy.float64"", ""dtype"": ""float64"", ""value"": 4.476}}",True,False,1.0,0.0,,"{""clicked_object"": ""diff"", ""click_coordinates"": [50.187617260787995, 38.46153846153846]}",False,86,,,15.472999999999999,453.9999999999999,468.9999999999999,15.0,0.6185286103542238,0.6389645776566761,False,False,False,False,CustomTaskTrial,Info,0.12985111076970943,0.029345259008666028,"{""py/object"": ""adaptivetesting.models.__test_item.TestItem"", ""id"": ""106"", ""a"": 2.306868660852717, ""b"": 0.2123259975161307, ""c"": 0.3850957703164964, ""d"": 1.0}",diff,static/stimuli_merged/Task_0106_merged.wav,4.51,5.0,4.476,diff,"[50.187617260787995, 38.46153846153846]"
,"{""adaptivetest_participant_current_ability_estimate_before_trial"": 0.13030821857468863, ""adaptivetest_participant_current_standard_error_estimate_before_trial"": 0.02961666216176234}",30,2025-11-24 16:30:46,False,,,CustomTaskTrial,23,23,True,23,1,,,"{""item"": {""py/object"": ""adaptivetesting.models.__test_item.TestItem"", ""id"": ""70"", ""a"": 2.502366645870099, ""b"": -0.6300470574536341, ""c"": 0.2032813412251807, ""d"": 1.0}, ""correct"": ""diff"", ""id"": {""py/object"": ""numpy.int64"", ""dtype"": ""int64"", ""value"": 70}, ""merged_file"": ""static/stimuli_merged/Task_0070_merged.wav"", ""duration_target"": {""py/object"": ""numpy.float64"", ""dtype"": ""float64"", ""value"": 2.955}, ""duration_silence"": {""py/object"": ""numpy.float64"", ""dtype"": ""float64"", ""value"": 5.0}, ""duration_probe"": {""py/object"": ""numpy.float64"", ""dtype"": ""float64"", ""value"": 2.984}}",True,False,1.0,0.0,,"{""clicked_object"": ""diff"", ""click_coordinates"": [50.187617260787995, 38.46153846153846]}",False,89,,,11.746999999999998,468.9999999999999,483.9999999999999,15.0,0.6389645776566761,0.6594005449591285,False,False,False,False,CustomTaskTrial,Info,0.13030821857468863,0.02961666216176234,"{""py/object"": ""adaptivetesting.models.__test_item.TestItem"", ""id"": ""70"", ""a"": 2.502366645870099, ""b"": -0.6300470574536341, ""c"": 0.2032813412251807, ""d"": 1.0}",diff,static/stimuli_merged/Task_0070_merged.wav,2.955,5.0,2.984,diff,"[50.187617260787995, 38.46153846153846]"
,"{""adaptivetest_participant_current_ability_estimate_before_trial"": 0.13052782787817713, ""adaptivetest_participant_current_standard_error_estimate_before_trial"": 0.029744873224415384}",31,2025-11-24 16:30:58,False,,,CustomTaskTrial,23,23,True,23,1,,,"{""item"": {""py/object"": ""adaptivetesting.models.__test_item.TestItem"", ""id"": ""16"", ""a"": 1.490110198696744, ""b"": 0.3597153558258825, ""c"": 2.272050117905796e-05, ""d"": 1.0}, ""correct"": ""diff"", ""id"": {""py/object"": ""numpy.int64"", ""dtype"": ""int64"", ""value"": 16}, ""merged_file"": ""static/stimuli_merged/Task_0016_merged.wav"", ""duration_target"": {""py/object"": ""numpy.float64"", ""dtype"": ""float64"", ""value"": 3.158}, ""duration_silence"": {""py/object"": ""numpy.float64"", ""dtype"": ""float64"", ""value"": 5.0}, ""duration_probe"": {""py/object"": ""numpy.float64"", ""dtype"": ""float64"", ""value"": 3.222}}",True,False,1.0,0.0,,"{""clicked_object"": ""diff"", ""click_coordinates"": [50.187617260787995, 38.46153846153846]}",False,92,,,12.679,483.9999999999999,498.9999999999999,15.0,0.6594005449591285,0.6798365122615808,False,False,False,False,CustomTaskTrial,Info,0.13052782787817713,0.029744873224415384,"{""py/object"": ""adaptivetesting.models.__test_item.TestItem"", ""id"": ""16"", ""a"": 1.490110198696744, ""b"": 0.3597153558258825, ""c"": 2.272050117905796e-05, ""d"": 1.0}",diff,static/stimuli_merged/Task_0016_merged.wav,3.158,5.0,3.222,diff,"[50.187617260787995, 38.46153846153846]"
,"{""adaptivetest_participant_current_ability_estimate_before_trial"": 0.13130172062071208, ""adaptivetest_participant_current_standard_error_estimate_before_trial"": 0.030222838876246685}",32,2025-11-24 16:31:11,False,,,CustomTaskTrial,23,23,True,23,1,,,"{""item"": {""py/object"": ""adaptivetesting.models.__test_item.TestItem"", ""id"": ""119"", ""a"": 1.674301713172858, ""b"": -0.5018304117166276, ""c"": 1.587689354228769e-05, ""d"": 1.0}, ""correct"": ""diff"", ""id"": {""py/object"": ""numpy.int64"", ""dtype"": ""int64"", ""value"": 119}, ""merged_file"": ""static/stimuli_merged/Task_0119_merged.wav"", ""duration_target"": {""py/object"": ""numpy.float64"", ""dtype"": ""float64"", ""value"": 4.778}, ""duration_silence"": {""py/object"": ""numpy.float64"", ""dtype"": ""float64"", ""value"": 5.0}, ""duration_probe"": {""py/object"": ""numpy.float64"", ""dtype"": ""float64"", ""value"": 4.748}}",True,False,1.0,0.0,,"{""clicked_object"": ""diff"", ""click_coordinates"": [50.187617260787995, 38.46153846153846]}",False,95,,,15.677999999999999,498.9999999999999,513.9999999999999,15.0,0.6798365122615808,0.7002724795640332,False,False,False,False,CustomTaskTrial,Info,0.13130172062071208,0.030222838876246685,"{""py/object"": ""adaptivetesting.models.__test_item.TestItem"", ""id"": ""119"", ""a"": 1.674301713172858, ""b"": -0.5018304117166276, ""c"": 1.587689354228769e-05, ""d"": 1.0}",diff,static/stimuli_merged/Task_0119_merged.wav,4.778,5.0,4.748,diff,"[50.187617260787995, 38.46153846153846]"
,"{""adaptivetest_participant_current_ability_estimate_before_trial"": 0.13169611245906143, ""adaptivetest_participant_current_standard_error_estimate_before_trial"": 0.030467587907994566}",33,2025-11-24 16:31:28,False,,,CustomTaskTrial,23,23,True,23,1,,,"{""item"": {""py/object"": ""adaptivetesting.models.__test_item.TestItem"", ""id"": ""132"", ""a"": 5.81624007673039, ""b"": 0.5129944568823073, ""c"": 0.3106197668979717, ""d"": 1.0}, ""correct"": ""diff"", ""id"": {""py/object"": ""numpy.int64"", ""dtype"": ""int64"", ""value"": 132}, ""merged_file"": ""static/stimuli_merged/Task_0132_merged.wav"", ""duration_target"": {""py/object"": ""numpy.float64"", ""dtype"": ""float64"", ""value"": 5.509}, ""duration_silence"": {""py/object"": ""numpy.float64"", ""dtype"": ""float64"", ""value"": 5.0}, ""duration_probe"": {""py/object"": ""numpy.float64"", ""dtype"": ""float64"", ""value"": 5.497}}",True,False,1.0,0.0,,"{""clicked_object"": ""diff"", ""click_coordinates"": [50.187617260787995, 38.46153846153846]}",False,98,,,16.755,513.9999999999999,528.9999999999999,15.0,0.7002724795640332,0.7207084468664855,False,False,False,False,CustomTaskTrial,Info,0.13169611245906143,0.030467587907994566,"{""py/object"": ""adaptivetesting.models.__test_item.TestItem"", ""id"": ""132"", ""a"": 5.81624007673039, ""b"": 0.5129944568823073, ""c"": 0.3106197668979717, ""d"": 1.0}",diff,static/stimuli_merged/Task_0132_merged.wav,5.509,5.0,5.497,diff,"[50.187617260787995, 38.46153846153846]"
,"{""adaptivetest_participant_current_ability_estimate_before_trial"": 0.13257292498384812, ""adaptivetest_participant_current_standard_error_estimate_before_trial"": 0.031032447036306175}",34,2025-11-24 16:31:45,False,,,CustomTaskTrial,23,23,True,23,1,,,"{""item"": {""py/object"": ""adaptivetesting.models.__test_item.TestItem"", ""id"": ""80"", ""a"": 2.157940868723033, ""b"": -0.7563442300227982, ""c"": 5.554631052142482e-06, ""d"": 1.0}, ""correct"": ""diff"", ""id"": {""py/object"": ""numpy.int64"", ""dtype"": ""int64"", ""value"": 80}, ""merged_file"": ""static/stimuli_merged/Task_0080_merged.wav"", ""duration_target"": {""py/object"": ""numpy.float64"", ""dtype"": ""float64"", ""value"": 3.466}, ""duration_silence"": {""py/object"": ""numpy.float64"", ""dtype"": ""float64"", ""value"": 5.0}, ""duration_probe"": {""py/object"": ""numpy.float64"", ""dtype"": ""float64"", ""value"": 3.489}}",True,False,1.0,0.0,,"{""clicked_object"": ""diff"", ""click_coordinates"": [50.187617260787995, 38.46153846153846]}",False,101,,,12.564,528.9999999999999,543.9999999999999,15.0,0.7207084468664855,0.7411444141689378,False,False,False,False,CustomTaskTrial,Info,0.13257292498384812,0.031032447036306175,"{""py/object"": ""adaptivetesting.models.__test_item.TestItem"", ""id"": ""80"", ""a"": 2.157940868723033, ""b"": -0.7563442300227982, ""c"": 5.554631052142482e-06, ""d"": 1.0}",diff,static/stimuli_merged/Task_0080_merged.wav,3.466,5.0,3.489,diff,"[50.187617260787995, 38.46153846153846]"
,"{""adaptivetest_participant_current_ability_estimate_before_trial"": 0.1328373661826277, ""adaptivetest_participant_current_standard_error_estimate_before_trial"": 0.03120053189092432}",35,2025-11-24 16:31:59,False,,,CustomTaskTrial,23,23,True,23,1,,,"{""item"": {""py/object"": ""adaptivetesting.models.__test_item.TestItem"", ""id"": ""118"", ""a"": 2.45346325933335, ""b"": -0.0491470829184608, ""c"": 0.530113185407211, ""d"": 1.0}, ""correct"": ""diff"", ""id"": {""py/object"": ""numpy.int64"", ""dtype"": ""int64"", ""value"": 118}, ""merged_file"": ""static/stimuli_merged/Task_0118_merged.wav"", ""duration_target"": {""py/object"": ""numpy.float64"", ""dtype"": ""float64"", ""value"": 4.789}, ""duration_silence"": {""py/object"": ""numpy.float64"", ""dtype"": ""float64"", ""value"": 5.0}, ""duration_probe"": {""py/object"": ""numpy.float64"", ""dtype"": ""float64"", ""value"": 4.789}}",True,False,1.0,0.0,,"{""clicked_object"": ""diff"", ""click_coordinates"": [50.187617260787995, 38.46153846153846]}",False,104,,,15.448,543.9999999999999,558.9999999999999,15.0,0.7411444141689378,0.7615803814713902,False,False,False,False,CustomTaskTrial,Info,0.1328373661826277,0.03120053189092432,"{""py/object"": ""adaptivetesting.models.__test_item.TestItem"", ""id"": ""118"", ""a"": 2.45346325933335, ""b"": -0.0491470829184608, ""c"": 0.530113185407211, ""d"": 1.0}",diff,static/stimuli_merged/Task_0118_merged.wav,4.789,5.0,4.789,diff,"[50.187617260787995, 38.46153846153846]"
,"{""adaptivetest_participant_current_ability_estimate_before_trial"": 0.13316059231439278, ""adaptivetest_participant_current_standard_error_estimate_before_trial"": 0.031409780181163215}",36,2025-11-24 16:32:15,False,,,CustomTaskTrial,23,23,True,23,1,,,"{""item"": {""py/object"": ""adaptivetesting.models.__test_item.TestItem"", ""id"": ""140"", ""a"": 1.381826789418509, ""b"": -0.1769021361638082, ""c"": 1.11812321711703e-05, ""d"": 1.0}, ""correct"": ""diff"", ""id"": {""py/object"": ""numpy.int64"", ""dtype"": ""int64"", ""value"": 140}, ""merged_file"": ""static/stimuli_merged/Task_0140_merged.wav"", ""duration_target"": {""py/object"": ""numpy.float64"", ""dtype"": ""float64"", ""value"": 5.979}, ""duration_silence"": {""py/object"": ""numpy.float64"", ""dtype"": ""float64"", ""value"": 5.0}, ""duration_probe"": {""py/object"": ""numpy.float64"", ""dtype"": ""float64"", ""value"": 5.892}}",True,False,1.0,0.0,,"{""clicked_object"": ""diff"", ""click_coordinates"": [50.187617260787995, 38.46153846153846]}",False,107,,,17.642,558.9999999999999,573.9999999999999,15.0,0.7615803814713902,0.7820163487738425,False,False,False,False,CustomTaskTrial,Info,0.13316059231439278,0.031409780181163215,"{""py/object"": ""adaptivetesting.models.__test_item.TestItem"", ""id"": ""140"", ""a"": 1.381826789418509, ""b"": -0.1769021361638082, ""c"": 1.11812321711703e-05, ""d"": 1.0}",diff,static/stimuli_merged/Task_0140_merged.wav,5.979,5.0,5.892,diff,"[50.187617260787995, 38.46153846153846]"
,"{""adaptivetest_participant_current_ability_estimate_before_trial"": 0.13369672624356954, ""adaptivetest_participant_current_standard_error_estimate_before_trial"": 0.03176726696509243}",37,2025-11-24 16:32:33,False,,,CustomTaskTrial,23,23,True,23,1,,,"{""item"": {""py/object"": ""adaptivetesting.models.__test_item.TestItem"", ""id"": ""123"", ""a"": 1.352950563894503, ""b"": -0.1729789654272591, ""c"": 7.371554743783251e-06, ""d"": 1.0}, ""correct"": ""diff"", ""id"": {""py/object"": ""numpy.int64"", ""dtype"": ""int64"", ""value"": 123}, ""merged_file"": ""static/stimuli_merged/Task_0123_merged.wav"", ""duration_target"": {""py/object"": ""numpy.float64"", ""dtype"": ""float64"", ""value"": 5.277}, ""duration_silence"": {""py/object"": ""numpy.float64"", ""dtype"": ""float64"", ""value"": 5.0}, ""duration_probe"": {""py/object"": ""numpy.float64"", ""dtype"": ""float64"", ""value"": 5.184}}",True,False,1.0,0.0,,"{""clicked_object"": ""diff"", ""click_coordinates"": [50.187617260787995, 38.46153846153846]}",False,110,,,16.797,573.9999999999999,588.9999999999999,15.0,0.7820163487738425,0.8024523160762949,False,False,False,False,CustomTaskTrial,Info,0.13369672624356954,0.03176726696509243,"{""py/object"": ""adaptivetesting.models.__test_item.TestItem"", ""id"": ""123"", ""a"": 1.352950563894503, ""b"": -0.1729789654272591, ""c"": 7.371554743783251e-06, ""d"": 1.0}",diff,static/stimuli_merged/Task_0123_merged.wav,5.277,5.0,5.184,diff,"[50.187617260787995, 38.46153846153846]"
,"{""adaptivetest_participant_current_ability_estimate_before_trial"": 0.13423527080090206, ""adaptivetest_participant_current_standard_error_estimate_before_trial"": 0.03213252289249514}",38,2025-11-24 16:32:51,False,,,CustomTaskTrial,23,23,True,23,1,,,"{""item"": {""py/object"": ""adaptivetesting.models.__test_item.TestItem"", ""id"": ""21"", ""a"": 2.713830538418277, ""b"": -0.8596834705083503, ""c"": 3.613883091989169e-05, ""d"": 1.0}, ""correct"": ""diff"", ""id"": {""py/object"": ""numpy.int64"", ""dtype"": ""int64"", ""value"": 21}, ""merged_file"": ""static/stimuli_merged/Task_0021_merged.wav"", ""duration_target"": {""py/object"": ""numpy.float64"", ""dtype"": ""float64"", ""value"": 2.868}, ""duration_silence"": {""py/object"": ""numpy.float64"", ""dtype"": ""float64"", ""value"": 5.0}, ""duration_probe"": {""py/object"": ""numpy.float64"", ""dtype"": ""float64"", ""value"": 3.024}}",True,False,1.0,0.0,,"{""clicked_object"": ""diff"", ""click_coordinates"": [50.187617260787995, 38.46153846153846]}",False,113,,,11.539,588.9999999999999,603.9999999999999,15.0,0.8024523160762949,0.8228882833787472,False,False,False,False,CustomTaskTrial,Info,0.13423527080090206,0.03213252289249514,"{""py/object"": ""adaptivetesting.models.__test_item.TestItem"", ""id"": ""21"", ""a"": 2.713830538418277, ""b"": -0.8596834705083503, ""c"": 3.613883091989169e-05, ""d"": 1.0}",diff,static/stimuli_merged/Task_0021_merged.wav,2.868,5.0,3.024,diff,"[50.187617260787995, 38.46153846153846]"
,"{""adaptivetest_participant_current_ability_estimate_before_trial"": 0.13440874809009118, ""adaptivetest_participant_current_standard_error_estimate_before_trial"": 0.032246489266684004}",39,2025-11-24 16:33:03,False,,,CustomTaskTrial,23,23,True,23,1,,,"{""item"": {""py/object"": ""adaptivetesting.models.__test_item.TestItem"", ""id"": ""7"", ""a"": 1.618658428708503, ""b"": -0.703657884691569, ""c"": 4.945731803574876e-05, ""d"": 1.0}, ""correct"": ""diff"", ""id"": {""py/object"": ""numpy.int64"", ""dtype"": ""int64"", ""value"": 7}, ""merged_file"": ""static/stimuli_merged/Task_0007_merged.wav"", ""duration_target"": {""py/object"": ""numpy.float64"", ""dtype"": ""float64"", ""value"": 3.013}, ""duration_silence"": {""py/object"": ""numpy.float64"", ""dtype"": ""float64"", ""value"": 5.0}, ""duration_probe"": {""py/object"": ""numpy.float64"", ""dtype"": ""float64"", ""value"": 3.274}}",True,False,1.0,0.0,,"{""clicked_object"": ""diff"", ""click_coordinates"": [50.187617260787995, 38.46153846153846]}",False,116,,,12.046,603.9999999999999,618.9999999999999,15.0,0.8228882833787472,0.8433242506811995,False,False,False,False,CustomTaskTrial,Info,0.13440874809009118,0.032246489266684004,"{""py/object"": ""adaptivetesting.models.__test_item.TestItem"", ""id"": ""7"", ""a"": 1.618658428708503, ""b"": -0.703657884691569, ""c"": 4.945731803574876e-05, ""d"": 1.0}",diff,static/stimuli_merged/Task_0007_merged.wav,3.013,5.0,3.274,diff,"[50.187617260787995, 38.46153846153846]"
,"{""adaptivetest_participant_current_ability_estimate_before_trial"": 0.1347473656376636, ""adaptivetest_participant_current_standard_error_estimate_before_trial"": 0.03247762215642415}",40,2025-11-24 16:33:16,False,,,CustomTaskTrial,23,23,True,23,1,,,"{""item"": {""py/object"": ""adaptivetesting.models.__test_item.TestItem"", ""id"": ""107"", ""a"": 3.618843362516162, ""b"": 0.637176654192423, ""c"": 0.284329913659939, ""d"": 1.0}, ""correct"": ""diff"", ""id"": {""py/object"": ""numpy.int64"", ""dtype"": ""int64"", ""value"": 107}, ""merged_file"": ""static/stimuli_merged/Task_0107_merged.wav"", ""duration_target"": {""py/object"": ""numpy.float64"", ""dtype"": ""float64"", ""value"": 4.371}, ""duration_silence"": {""py/object"": ""numpy.float64"", ""dtype"": ""float64"", ""value"": 5.0}, ""duration_probe"": {""py/object"": ""numpy.float64"", ""dtype"": ""float64"", ""value"": 4.296}}",True,False,1.0,0.0,,"{""clicked_object"": ""diff"", ""click_coordinates"": [50.187617260787995, 38.46153846153846]}",False,119,,,15.975000000000001,618.9999999999999,633.9999999999999,15.0,0.8433242506811995,0.8637602179836519,False,False,False,False,CustomTaskTrial,Info,0.1347473656376636,0.03247762215642415,"{""py/object"": ""adaptivetesting.models.__test_item.TestItem"", ""id"": ""107"", ""a"": 3.618843362516162, ""b"": 0.637176654192423, ""c"": 0.284329913659939, ""d"": 1.0}",diff,static/stimuli_merged/Task_0107_merged.wav,4.371,5.0,4.296,diff,"[50.187617260787995, 38.46153846153846]"
,"{""adaptivetest_participant_current_ability_estimate_before_trial"": 0.1355990281159931, ""adaptivetest_participant_current_standard_error_estimate_before_trial"": 0.033080472140254946}",41,2025-11-24 16:33:32,False,,,CustomTaskTrial,23,23,True,23,1,,,"{""item"": {""py/object"": ""adaptivetesting.models.__test_item.TestItem"", ""id"": ""15"", ""a"": 5.096818431470647, ""b"": -0.677222942115742, ""c"": 1.892212668033434e-05, ""d"": 1.0}, ""correct"": ""diff"", ""id"": {""py/object"": ""numpy.int64"", ""dtype"": ""int64"", ""value"": 15}, ""merged_file"": ""static/stimuli_merged/Task_0015_merged.wav"", ""duration_target"": {""py/object"": ""numpy.float64"", ""dtype"": ""float64"", ""value"": 3.541}, ""duration_silence"": {""py/object"": ""numpy.float64"", ""dtype"": ""float64"", ""value"": 5.0}, ""duration_probe"": {""py/object"": ""numpy.float64"", ""dtype"": ""float64"", ""value"": 3.587}}",True,False,1.0,0.0,,"{""clicked_object"": ""diff"", ""click_coordinates"": [50.187617260787995, 38.46153846153846]}",False,122,,,13.003,633.9999999999999,648.9999999999999,15.0,0.8637602179836519,0.8841961852861042,False,False,False,False,CustomTaskTrial,Info,0.1355990281159931,0.033080472140254946,"{""py/object"": ""adaptivetesting.models.__test_item.TestItem"", ""id"": ""15"", ""a"": 5.096818431470647, ""b"": -0.677222942115742, ""c"": 1.892212668033434e-05, ""d"": 1.0}",diff,static/stimuli_merged/Task_0015_merged.wav,3.541,5.0,3.587,diff,"[50.187617260787995, 38.46153846153846]"
,"{""adaptivetest_participant_current_ability_estimate_before_trial"": 0.1356847342697899, ""adaptivetest_participant_current_standard_error_estimate_before_trial"": 0.03313544073081092}",42,2025-11-24 16:33:46,False,,,CustomTaskTrial,23,23,True,23,1,,,"{""item"": {""py/object"": ""adaptivetesting.models.__test_item.TestItem"", ""id"": ""77"", ""a"": 1.865334537023924, ""b"": -0.6866108913915036, ""c"": 0.3114672877247889, ""d"": 1.0}, ""correct"": ""diff"", ""id"": {""py/object"": ""numpy.int64"", ""dtype"": ""int64"", ""value"": 77}, ""merged_file"": ""static/stimuli_merged/Task_0077_merged.wav"", ""duration_target"": {""py/object"": ""numpy.float64"", ""dtype"": ""float64"", ""value"": 3.384}, ""duration_silence"": {""py/object"": ""numpy.float64"", ""dtype"": ""float64"", ""value"": 5.0}, ""duration_probe"": {""py/object"": ""numpy.float64"", ""dtype"": ""float64"", ""value"": 3.338}}",True,False,1.0,0.0,,"{""clicked_object"": ""diff"", ""click_coordinates"": [50.187617260787995, 38.46153846153846]}",False,125,,,12.929,648.9999999999999,663.9999999999999,15.0,0.8841961852861042,0.9046321525885566,False,False,False,False,CustomTaskTrial,Info,0.1356847342697899,0.03313544073081092,"{""py/object"": ""adaptivetesting.models.__test_item.TestItem"", ""id"": ""77"", ""a"": 1.865334537023924, ""b"": -0.6866108913915036, ""c"": 0.3114672877247889, ""d"": 1.0}",diff,static/stimuli_merged/Task_0077_merged.wav,3.384,5.0,3.338,diff,"[50.187617260787995, 38.46153846153846]"
,"{""adaptivetest_participant_current_ability_estimate_before_trial"": 0.13591407904660127, ""adaptivetest_participant_current_standard_error_estimate_before_trial"": 0.03329661351950794}",43,2025-11-24 16:34:00,False,,,CustomTaskTrial,23,23,True,23,1,,,"{""item"": {""py/object"": ""adaptivetesting.models.__test_item.TestItem"", ""id"": ""67"", ""a"": 1.394199879662153, ""b"": -0.8347973479612045, ""c"": 9.371199263811574e-06, ""d"": 1.0}, ""correct"": ""diff"", ""id"": {""py/object"": ""numpy.int64"", ""dtype"": ""int64"", ""value"": 67}, ""merged_file"": ""static/stimuli_merged/Task_0067_merged.wav"", ""duration_target"": {""py/object"": ""numpy.float64"", ""dtype"": ""float64"", ""value"": 3.007}, ""duration_silence"": {""py/object"": ""numpy.float64"", ""dtype"": ""float64"", ""value"": 5.0}, ""duration_probe"": {""py/object"": ""numpy.float64"", ""dtype"": ""float64"", ""value"": 2.926}}",True,False,1.0,0.0,,"{""clicked_object"": ""diff"", ""click_coordinates"": [50.187617260787995, 38.46153846153846]}",False,128,,,13.812999999999999,663.9999999999999,678.9999999999999,15.0,0.9046321525885566,0.9250681198910089,False,False,False,False,CustomTaskTrial,Info,0.13591407904660127,0.03329661351950794,"{""py/object"": ""adaptivetesting.models.__test_item.TestItem"", ""id"": ""67"", ""a"": 1.394199879662153, ""b"": -0.8347973479612045, ""c"": 9.371199263811574e-06, ""d"": 1.0}",diff,static/stimuli_merged/Task_0067_merged.wav,3.007,5.0,2.926,diff,"[50.187617260787995, 38.46153846153846]"
,"{""adaptivetest_participant_current_ability_estimate_before_trial"": 0.13622605612714433, ""adaptivetest_participant_current_standard_error_estimate_before_trial"": 0.03351979618040073}",44,2025-11-24 16:34:14,False,,,CustomTaskTrial,23,23,True,23,1,,,"{""item"": {""py/object"": ""adaptivetesting.models.__test_item.TestItem"", ""id"": ""71"", ""a"": 1.309677183043543, ""b"": -0.7337221014706322, ""c"": 3.549751765504078e-05, ""d"": 1.0}, ""correct"": ""diff"", ""id"": {""py/object"": ""numpy.int64"", ""dtype"": ""int64"", ""value"": 71}, ""merged_file"": ""static/stimuli_merged/Task_0071_merged.wav"", ""duration_target"": {""py/object"": ""numpy.float64"", ""dtype"": ""float64"", ""value"": 2.966}, ""duration_silence"": {""py/object"": ""numpy.float64"", ""dtype"": ""float64"", ""value"": 5.0}, ""duration_probe"": {""py/object"": ""numpy.float64"", ""dtype"": ""float64"", ""value"": 3.048}}",True,False,1.0,0.0,,"{""clicked_object"": ""diff"", ""click_coordinates"": [50.187617260787995, 38.46153846153846]}",False,131,,,12.067,678.9999999999999,693.9999999999999,15.0,0.9250681198910089,0.9455040871934612,False,False,False,False,CustomTaskTrial,Info,0.13622605612714433,0.03351979618040073,"{""py/object"": ""adaptivetesting.models.__test_item.TestItem"", ""id"": ""71"", ""a"": 1.309677183043543, ""b"": -0.7337221014706322, ""c"": 3.549751765504078e-05, ""d"": 1.0}",diff,static/stimuli_merged/Task_0071_merged.wav,2.966,5.0,3.048,diff,"[50.187617260787995, 38.46153846153846]"
,"{""adaptivetest_participant_current_ability_estimate_before_trial"": 0.13657483788117297, ""adaptivetest_participant_current_standard_error_estimate_before_trial"": 0.03377223977957288}",45,2025-11-24 16:34:27,False,,,CustomTaskTrial,23,23,True,23,1,,,"{""item"": {""py/object"": ""adaptivetesting.models.__test_item.TestItem"", ""id"": ""114"", ""a"": 1.247223318277813, ""b"": 0.9536229101996267, ""c"": 5.316957777781582e-06, ""d"": 1.0}, ""correct"": ""diff"", ""id"": {""py/object"": ""numpy.int64"", ""dtype"": ""int64"", ""value"": 114}, ""merged_file"": ""static/stimuli_merged/Task_0114_merged.wav"", ""duration_target"": {""py/object"": ""numpy.float64"", ""dtype"": ""float64"", ""value"": 4.708}, ""duration_silence"": {""py/object"": ""numpy.float64"", ""dtype"": ""float64"", ""value"": 5.0}, ""duration_probe"": {""py/object"": ""numpy.float64"", ""dtype"": ""float64"", ""value"": 4.708}}",True,False,1.0,0.0,,"{""clicked_object"": ""diff"", ""click_coordinates"": [50.187617260787995, 38.46153846153846]}",False,140,,,35.132000000000005,693.9999999999999,708.9999999999999,15.0,0.9455040871934612,0.9659400544959127,False,False,False,False,CustomTaskTrial,Info,0.13657483788117297,0.03377223977957288,"{""py/object"": ""adaptivetesting.models.__test_item.TestItem"", ""id"": ""114"", ""a"": 1.247223318277813, ""b"": 0.9536229101996267, ""c"": 5.316957777781582e-06, ""d"": 1.0}",diff,static/stimuli_merged/Task_0114_merged.wav,4.708,5.0,4.708,diff,"[50.187617260787995, 38.46153846153846]"
